,Unnamed: 0,Country,Clusters,Current account balance_Percent of GDP_average,Current account balance_U.S. dollars_average,General government gross debt_National currency_average,General government gross debt_Percent of GDP_average,General government net lending/borrowing_National currency_average,General government net lending/borrowing_Percent of GDP_average,General government primary net lending/borrowing_National currency_average,General government primary net lending/borrowing_Percent of GDP_average,General government revenue_National currency_average,General government revenue_Percent of GDP_average,General government total expenditure_National currency_average,General government total expenditure_Percent of GDP_average,Gross domestic product based on purchasing-power-parity (PPP) share of world total_Percent_average,"Gross domestic product corresponding to fiscal year, current prices_National currency_average","Gross domestic product per capita, constant prices_National currency_average","Gross domestic product per capita, constant prices_Purchasing power parity; 2017 international dollar_average","Gross domestic product per capita, current prices_National currency_average","Gross domestic product per capita, current prices_Purchasing power parity; international dollars_average","Gross domestic product per capita, current prices_U.S. dollars_average","Gross domestic product, constant prices_National currency_average","Gross domestic product, constant prices_Percent change_average","Gross domestic product, current prices_National currency_average","Gross domestic product, current prices_Purchasing power parity; international dollars_average","Gross domestic product, current prices_U.S. dollars_average","Gross domestic product, deflator_Index_average",Gross national savings_Percent of GDP_average,Implied PPP conversion rate_National currency per current international dollar_average,"Inflation, average consumer prices_Index_average","Inflation, average consumer prices_Percent change_average","Inflation, end of period consumer prices_Index_average","Inflation, end of period consumer prices_Percent change_average",Population_Persons_average,Total investment_Percent of GDP_average,Volume of Imports of goods_Percent change_average,Volume of exports of goods_Percent change_average,Volume of exports of goods and services_Percent change_average,Volume of imports of goods and services_Percent change_average
0,0,Afghanistan,3.0,11.835909090909093,2.145909090909091,89.84345454545455,7.64190909090909,-7.009818181818182,-0.5008181818181818,-6.345818181818182,-0.4437272727272727,303.4514545454545,25.38327272727273,310.4612727272727,25.88409090909091,0.0599090909090908,1178.270090909091,40934.20454545455,2436.314545454545,40933.85181818181,2367.092727272727,670.0392727272728,1167.6401818181816,4.164909090909091,1178.270090909091,67.89754545454547,18.96972727272728,99.85045454545455,32.88090909090909,17.24272727272727,101.47436363636363,4.519727272727272,104.32954545454544,4.676000000000001,28.50609090909091,21.044818181818183,6.5586363636363645,6.359818181818182,-0.3536363636363635,5.683727272727273
1,1,Albania,3.0,-9.221545454545454,-1.2047272727272729,1004.166,68.67854545454546,-49.20018181818182,-3.431818181818181,-10.973727272727274,-0.7598181818181818,385.04518181818185,26.391181818181817,434.2452727272728,29.822727272727278,0.0305454545454545,1454.4381818181816,259502.01000000004,12370.425454545451,503510.5918181818,11964.526363636363,4554.831818181819,749.6577272727274,2.0650909090909093,1454.4381818181816,34.55690909090909,13.159272727272723,193.69,16.927,42.28427272727273,99.79036363636364,2.0747272727272725,100.34372727272726,1.8277272727272724,2.889545454545454,26.692636363636367,1.0175454545454548,11.16490909090909,2.3732727272727283,-0.2781818181818181
2,2,Algeria,4.0,-5.366545454545455,-8.456909090909091,4019.57,21.726727272727278,-1031.8243636363636,-5.762636363636363,-1085.2745454545454,-6.100181818181818,5802.941818181818,33.98709090909092,6834.762727272727,39.74972727272728,0.442090909090909,17215.840909090908,171918.40181818185,11319.478181818182,428346.3636363637,12352.053636363637,4544.988181818182,6884.462727272727,1.992363636363636,17215.840909090908,492.645181818182,180.3734545454545,249.03618181818183,39.49372727272727,34.89636363636364,175.31527272727274,4.446272727272727,178.1058181818182,4.384090909090909,40.031818181818174,44.86881818181818,0.1010909090909092,-2.3204545454545453,-1.5826363636363636,-0.7259999999999998
4,4,Angola,2.0,3.407545454545455,3.497090909090909,14432.92181818182,64.68527272727273,-140.50972727272728,-0.2970000000000001,516.2857272727273,2.438909090909091,4693.868181818183,29.200454545454537,4834.379090909091,29.497636363636367,0.1775454545454545,18082.65363636364,56740.03454545454,7789.26090909091,652874.8918181818,7459.172727272727,4104.394545454546,1514.1654545454546,1.5363636363636357,18082.65363636364,200.13181818181815,108.1499090909091,1187.6776363636366,29.977454545454545,88.12718181818182,205.1730909090909,16.637363636363634,222.15554545454543,17.128,26.83163636363636,26.123545454545457,-5.699,-2.404272727272727,-2.4878181818181817,-7.688818181818181
6,6,Argentina,4.0,-1.905909090909091,-11.160363636363636,7261.532636363636,59.13,-565.0510909090909,-4.770363636363636,-324.39772727272725,-2.9295454545454547,3172.959,33.80154545454545,3738.0105454545455,38.57181818181818,0.793909090909091,9388.86,16232.784545454544,23226.13272727273,212206.84818181815,20719.16181818182,12498.830909090908,698.8116363636365,0.3551818181818183,9388.86,895.2246363636364,537.7757272727273,1375.8987272727272,15.327181818181822,9.86390909090909,224.5528888888889,24.551625,244.9833,25.39433333333333,43.113090909090914,17.233272727272727,2.792454545454545,0.2284545454545454,0.2264545454545454,2.7975454545454554
7,7,Armenia,4.0,-6.587818181818182,-0.7283636363636364,2338.2736363636363,45.028454545454544,-164.54118181818183,-3.297181818181818,-76.60318181818182,-1.6615454545454549,1123.3341818181818,22.191454545454544,1287.8726363636365,25.488636363636363,0.0274545454545454,5027.846363636363,1132441.1554545455,11152.619090909093,1690141.5945454545,10566.201818181818,3792.524545454545,3368.862727272728,3.4111818181818183,5027.846363636363,31.430090909090904,11.281454545454546,148.03081818181818,15.023545454545456,160.4950909090909,269.0189090909091,3.157181818181817,273.9730909090909,3.1097272727272727,2.975,21.611636363636364,3.755,11.313454545454544,8.346727272727275,3.155272727272727
9,9,Australia,4.0,-2.425181818181818,-33.98054545454546,634.393909090909,36.48927272727273,-61.95854545454545,-3.651181818181818,-49.133272727272725,-2.9092727272727275,577.1947272727274,34.097272727272724,639.153,37.74845454545454,1.0104545454545453,1685.95,74238.83272727273,48619.24090909091,69976.17454545455,47410.66818181819,58372.22,1784.8236363636368,2.144727272727273,1685.95,1142.5174545454545,1397.2536363636364,94.15845454545456,22.91809090909091,1.4767272727272729,107.13636363636364,2.001272727272727,107.96363636363635,1.9702727272727272,24.01190909090909,25.36318181818182,3.580454545454546,4.11890909090909,3.5429090909090903,2.58
10,10,Austria,4.0,2.073454545454545,8.72018181818182,277.9370909090909,80.39063636363636,-7.801909090909091,-2.2988181818181816,-2.005272727272727,-0.5883636363636363,169.84445454545454,48.97263636363637,177.64654545454547,51.27145454545455,0.3883636363636364,346.8064545454545,40287.88272727272,53721.87,40083.762727272726,50725.33272727273,48776.01545454546,348.1331818181818,0.850090909090909,346.8064545454545,439.1718181818181,421.3218181818182,99.42990909090908,26.405,0.7925454545454546,121.6489090909091,1.8547272727272728,121.83309090909091,1.8297272727272729,8.638818181818182,24.331454545454548,2.607,3.386181818181818,2.950363636363635,3.041636363636364
11,11,Azerbaijan,4.0,11.60763636363636,7.285363636363638,9.044727272727274,13.572636363636365,1.7309090909090907,3.054727272727273,1.978818181818182,3.407363636363636,23.93554545454545,38.67645454545455,22.204636363636368,35.62154545454546,0.1313636363636363,62.36818181818182,2971.7372727272723,14382.349090909092,6487.727272727273,15339.817272727274,5797.156363636364,28.425272727272727,1.080909090909091,62.36818181818182,146.6018181818182,55.08481818181818,218.6290909090909,34.12945454545454,0.426090909090909,209.4230909090909,5.045181818181819,214.8290909090909,4.91309090909091,9.566727272727274,23.319,6.56,-1.5610909090909095,-0.5941818181818183,6.399181818181819
12,12,Bahrain,3.0,0.2824545454545452,-0.0330000000000002,8.734545454545453,68.16490909090909,-1.375727272727273,-11.052636363636363,-1.0307272727272727,-8.38490909090909,2.6978181818181817,21.96154545454545,4.073545454545454,33.01436363636363,0.0602727272727272,12.33190909090909,8396.26090909091,48061.10636363637,9065.132727272729,49853.82181818182,24109.39545454545,11.427363636363635,2.667454545454545,12.33190909090909,67.67418181818181,32.79763636363636,107.88299999999998,29.54636363636364,0.1820909090909091,92.35472727272727,1.5570000000000002,92.44181818181818,1.4736363636363634,1.360090909090909,29.267090909090907,0.2765454545454542,1.4786363636363635,3.1903636363636365,2.495545454545454
13,13,Bangladesh,3.0,-0.0290000000000001,-0.7827272727272727,5820.764545454545,35.36154545454546,-678.44,-3.817090909090909,-359.8132727272728,-1.8909090909090909,1672.229,10.301272727272726,2350.6690909090908,14.118545454545457,0.5391818181818182,16425.406363636364,54243.72363636364,4037.817272727273,103900.05727272728,3942.354545454545,1304.6045454545456,8522.811818181819,6.464454545454545,16425.406363636364,620.6602727272727,205.9177272727272,185.62272727272727,29.403909090909096,27.25990909090909,214.48154545454543,6.855090909090908,230.6645454545455,6.916272727272728,156.19372727272727,29.20190909090909,9.720454545454546,7.954545454545452,8.578272727272726,9.593454545454549
14,14,Barbados,3.0,-6.451454545454545,-0.304,12.797909090909092,134.64927272727274,-0.4959090909090909,-5.335818181818183,0.0511818181818181,0.4249999999999999,2.6322727272727278,27.67354545454545,3.1282727272727278,33.00954545454545,0.004,9.507272727272728,31422.45181818182,15261.090000000002,33602.93818181818,15608.974545454546,16801.468181818185,8.92218181818182,-1.7644545454545453,9.544818181818185,4.432090909090909,4.772454545454546,107.13545454545452,9.674272727272728,2.1555454545454547,171.55209090909094,3.5318181818181817,175.2090909090909,3.550272727272727,0.284090909090909,16.125636363636364,0.845,7.066727272727274,-1.902727272727273,-1.078909090909091
15,15,Belarus,4.0,-4.808,-3.078181818181818,39.91045454545454,45.80290909090908,-0.675,-1.1537272727272727,0.723,0.3123636363636363,33.04781818181818,38.71863636363637,33.72263636363636,39.87245454545455,0.1545454545454545,85.89518181818181,12673.64363636364,18554.480000000003,9093.818181818182,18354.62272727273,6558.349999999999,119.79745454545454,1.5620000000000005,85.89518181818181,173.47963636363636,61.98818181818182,71.13563636363637,27.342272727272725,0.4825454545454546,579.3131818181819,18.54418181818182,610.2708181818182,19.811,9.45309090909091,32.150090909090906,2.5673636363636363,4.327363636363636,4.844454545454546,2.5957272727272724
16,16,Belgium,4.0,0.306,1.424909090909091,435.3955454545455,104.12136363636364,-13.71381818181818,-3.317181818181818,-3.4419090909090917,-0.8140909090909091,214.3846363636364,51.273818181818186,228.0981818181818,54.59109090909092,0.4673636363636363,418.26309090909086,36933.78636363636,49595.58727272727,37209.00818181818,46939.09818181818,45276.55,414.8244545454545,0.8686363636363637,418.26309090909086,527.9150909090908,508.355,100.66154545454546,24.346909090909094,0.7950909090909092,101.04218181818182,1.6957272727272723,101.9018181818182,1.691727272727273,11.228454545454548,24.04072727272727,1.087,1.4268181818181815,1.4268181818181815,1.087
17,17,Belize,3.0,-6.552181818181818,-0.1152727272727272,3.049090909090909,89.7689090909091,-0.1238181818181818,-3.574909090909091,-0.0229999999999999,-0.5845454545454546,0.9798181818181818,28.913,1.1035454545454544,32.488090909090914,0.0021818181818181,3.3786363636363634,7135.580909090909,6998.103636363637,9135.23,7115.219090909091,4567.613636363636,2.6269090909090904,0.702363636363636,3.3786363636363634,2.62,1.689272727272727,128.2848181818182,10.170818181818184,1.2863636363636364,97.93854545454546,0.6417272727272727,97.9069090909091,0.5965454545454546,0.3693636363636363,16.723090909090907,2.154181818181818,-3.1704545454545454,-0.9699090909090906,1.9171818181818177
18,18,Benin,2.0,-4.844636363636363,-0.5995454545454545,2201.1032727272727,30.73263636363636,-177.87054545454544,-2.432272727272727,-110.88618181818184,-1.5494545454545454,908.060090909091,13.364454545454544,1085.9311818181818,15.796818181818184,0.027090909090909,6787.043636363636,643128.9872727272,2976.1154545454547,633736.629090909,2897.6672727272726,1173.2727272727273,6866.083636363636,4.694545454545454,6787.043636363636,31.09918181818182,12.492272727272727,98.30254545454544,15.890454545454547,219.37581818181815,99.499,1.4267272727272728,99.539,1.2542727272727274,10.613999999999995,20.735,4.6619090909090914,4.689272727272726,4.179454545454545,3.820818181818181
20,20,Bhutan,3.0,-23.858,-0.4706363636363637,127.72045454545456,97.81163636363635,-2.0391818181818184,-1.1608181818181815,-0.141,0.559090909090909,38.90809090909091,32.74881818181818,40.94736363636363,33.909454545454544,0.0059090909090909,124.20572727272726,80438.82818181819,9886.40636363636,173391.4827272727,9355.49727272727,2827.3554545454544,57.31518181818182,5.513000000000001,124.20572727272726,6.6877272727272725,2.0154545454545456,211.51390909090912,28.296454545454548,18.283636363636365,199.97127272727275,6.00909090909091,200.61890909090909,6.258181818181819,0.7091818181818182,53.24581818181819,0.1566363636363632,-1.9448181818181811,-1.4628181818181822,0.5028181818181817
21,21,Bosnia and Herzegovina,3.0,-5.560818181818181,-1.005181818181818,11.779545454545456,40.29872727272727,-0.3011818181818181,-1.158090909090909,-0.0800909090909091,-0.4122727272727274,12.648818181818182,42.99045454545455,12.950090909090909,44.14845454545456,0.0376363636363636,29.48854545454545,8422.378181818181,12843.15909090909,8573.168181818182,12440.978181818182,5298.599090909092,29.020636363636367,1.4655454545454547,29.48854545454545,42.762,18.27763636363636,101.3059090909091,13.370272727272727,0.691,100.06545454545454,0.5730000000000001,104.33645454545456,0.5547272727272727,3.460363636363637,18.930636363636363,2.100363636363636,6.963727272727274,4.623636363636364,1.9115454545454549
22,22,Botswana,4.0,0.0789999999999998,0.020090909090909,25.30163636363636,18.113727272727274,-3.909272727272727,-2.412818181818182,-3.283454545454545,-1.9851818181818184,48.16345454545455,34.42972727272727,52.072545454545455,36.84254545454546,0.0287272727272727,142.638,73590.28545454546,15134.009090909089,64930.105454545446,15089.560909090913,7043.319090909091,158.0660909090909,3.487636363636364,140.33836363636362,32.467727272727274,15.094363636363637,87.65181818181817,32.33081818181818,4.267636363636363,296.6150909090909,4.572090909090909,292.34118181818184,4.454545454545454,2.143181818181818,30.704090909090905,9.605818181818185,7.427363636363636,7.247363636363638,8.217909090909092
23,23,Brazil,3.0,-2.7937272727272733,-60.50327272727273,4505.49090909091,74.15290909090908,-409.822,-6.476454545454545,-84.82481818181819,-0.9807272727272728,1872.9318181818185,32.143090909090915,2282.752727272727,38.61972727272728,2.734909090909091,5899.743636363637,5826.839090909091,15049.204545454546,28878.636363636364,15021.10090909091,10374.749090909088,1184.4072727272726,0.9608181818181816,5899.743636363637,3055.294545454545,2101.2927272727275,497.9969999999999,15.406,1.9230909090909087,28197930831231.7,5.585272727272727,28899298676547.285,5.731454545454546,203.39709090909085,18.199727272727277,4.674,3.103,2.803818181818182,3.985
25,25,Bulgaria,4.0,0.877,0.5311,19.646818181818183,20.57454545454545,-1.2639999999999998,-1.429181818181818,-1.016727272727273,-1.1577272727272727,31.73909090909091,33.437909090909095,33.003,34.86718181818182,0.121090909090909,94.38045454545454,12705.59090909091,20087.052727272723,13240.017272727271,19265.230909090908,8174.262727272727,90.7421818181818,1.7660909090909092,94.38045454545454,137.369,58.35718181818183,103.373,21.70954545454545,0.6860909090909091,101.363,1.155,101.92727272727274,1.116090909090909,7.158090909090908,20.912454545454548,5.346181818181819,7.263727272727274,4.839636363636364,4.212545454545454
26,26,Burkina Faso,2.0,-4.348545454545454,-0.5861818181818181,2491.020909090909,32.2490909090909,-279.87445454545457,-3.611727272727273,-215.90490909090903,-2.8100909090909094,1440.2144545454544,19.30790909090909,1720.088181818182,22.919727272727272,0.0298181818181818,7427.493636363636,392586.8181818182,1956.8954545454544,404831.8109090909,1859.443636363636,749.6380909090909,7181.705454545456,5.643999999999999,7427.493636363636,34.227909090909094,13.66881818181818,102.86145454545456,18.60318181818182,218.93036363636364,100.81236363636364,0.948181818181818,101.02536363636364,0.9770000000000002,18.16827272727273,22.95136363636364,6.638181818181818,12.942454545454543,12.43218181818182,6.784909090909091
27,27,Burundi,2.0,-13.560454545454546,-0.3638181818181818,2155.0636363636363,47.28327272727272,-240.9978181818182,-5.106000000000001,-186.2352727272728,-3.983818181818182,1055.9591818181818,25.602272727272723,1296.9572727272728,30.708363636363632,0.0068181818181818,4431.028181818181,166273.12000000002,809.502181818182,425491.6172727273,749.8813636363637,265.7224545454545,1697.298181818182,1.9255454545454544,4431.028181818181,7.731272727272727,2.7352727272727275,258.8279090909091,3.823,563.7728181818181,101.89590909090909,5.626181818181818,103.99490909090908,5.637727272727273,10.261454545454544,17.383363636363637,9.429636363636364,8.777818181818182,7.444363636363636,8.045363636363637
28,28,Cambodia,2.0,-9.678818181818183,-1.9087272727272728,23321.221818181817,30.47109090909091,-961.1698181818184,-1.710818181818182,-712.289,-1.3931818181818183,16347.464545454544,20.510636363636365,17308.632727272725,22.221545454545453,0.0476363636363636,76557.00090909092,2879440.5945454543,3682.438181818182,5062531.99909091,3618.421818181818,1245.8673636363635,43450.09181818181,6.102181818181818,76557.00090909092,54.68172727272727,18.84090909090909,173.64863636363634,11.799636363636363,1392.029090909091,160.73772727272728,3.064,162.3798181818182,2.9855454545454547,15.010636363636364,21.47863636363636,12.851454545454544,18.13481818181818,15.260999999999996,12.328818181818184
29,29,Cameroon,4.0,-3.450272727272727,-1.1660909090909093,5618.43,28.828818181818185,-637.1829090909091,-3.379272727272728,-521.5530909090909,-2.7914545454545454,2835.831818181818,15.653363636363634,3473.0154545454543,19.032363636363637,0.0673636363636363,18197.143636363635,606891.899090909,3390.7627272727277,772451.5472727272,3262.943636363637,1429.0818181818183,14236.30181818182,3.952090909090909,18197.143636363635,76.94018181818181,33.47836363636363,126.9451818181818,25.00854545454545,237.05354545454543,239.34909090909093,1.879363636363636,242.27536363636364,1.9207272727272728,23.35636363636364,28.4,4.369454545454545,2.5181818181818185,2.944,3.8934545454545457
30,30,Canada,3.0,-2.805909090909092,-47.68109090909092,1805.7345454545448,89.54436363636366,-40.25327272727272,-2.053,-32.16072727272728,-1.6266363636363637,799.692909090909,39.74463636363637,839.9461818181818,41.797363636363634,1.4603636363636363,2006.17,53815.16818181818,47456.54545454546,55882.89090909092,45890.85181818181,47619.49909090909,1929.0990909090908,1.5340000000000005,2006.17,1648.2454545454543,1702.9645454545455,103.76109090909092,20.89227272727273,1.2190000000000003,127.06054545454548,1.6486363636363637,127.8789090909091,1.6548181818181815,35.82563636363636,23.698090909090908,2.690909090909091,2.2851818181818184,2.208727272727273,2.3320909090909088
32,32,Central African Republic,4.0,-7.439545454545455,-0.1565454545454545,501.0410909090909,44.58518181818181,-15.21190909090909,-1.500090909090909,-9.321545454545454,-0.9688181818181818,170.52645454545453,14.584727272727273,185.7384545454545,16.084818181818182,0.0036363636363636,1138.2347272727272,168065.59272727274,988.0392727272726,249976.7172727273,911.0313636363636,464.2860909090908,762.0556363636365,-0.0960000000000001,1138.2347272727272,4.1431818181818185,2.1102727272727275,150.92454545454547,6.693818181818182,274.8182727272727,178.7329090909091,4.289181818181818,182.67472727272727,4.442181818181819,4.544090909090908,14.133909090909093,14.873636363636365,3.642818181818181,3.1129999999999995,9.583818181818184
33,33,Chad,4.0,-7.802000000000001,-0.8974545454545454,2553.878181818182,41.29863636363637,-59.34309090909091,-0.933181818181818,2.407545454545455,0.0689090909090909,1114.6204545454543,18.124454545454544,1173.963090909091,19.05763636363637,0.0212727272727272,6166.645454545455,364920.5772727272,1702.1245454545458,439503.9127272727,1691.725454545454,824.1553636363639,5136.301818181818,3.040454545454546,6166.645454545455,23.84109090909091,11.484636363636364,120.24672727272728,17.804090909090913,259.95572727272724,100.81009090909092,1.7425454545454544,100.95345454545456,1.9384545454545457,14.138454545454543,25.606090909090906,0.941,1.9984545454545453,1.533363636363636,1.9932727272727269
35,35,Chile,3.0,-2.318,-6.362545454545455,32123.731818181823,18.866454545454545,-3236.9889090909096,-1.7177272727272728,-2824.0175454545456,-1.4836363636363636,36576.56727272727,23.06890909090909,39813.55545454546,24.78672727272728,0.3625454545454545,158710.96,7757054.8945454545,22953.086363636365,8720839.281818181,22551.594545454544,14456.738181818184,140501.1218181818,2.468272727272728,158710.96,409.1163636363636,261.5518181818182,112.0838181818182,21.03481818181818,384.7842727272728,91.54454545454546,2.9254545454545453,92.85463636363636,3.0898181818181816,18.094,23.224181818181812,4.603000000000001,1.4821818181818185,0.9635454545454546,3.5365454545454544
36,36,China,3.0,1.8797272727272727,186.146,34382.55363636364,45.25900000000001,-2846.935,-3.180636363636364,-2355.317909090909,-2.538363636363637,19669.581818181818,27.425363636363635,22516.518181818185,30.60618181818182,15.940181818181822,71581.84909090908,50334.525454545445,12610.446363636362,51578.985454545465,13133.367272727271,7855.413636363635,69776.81454545454,7.184727272727272,71581.84909090908,18203.158181818177,10897.243636363635,101.11527272727272,46.51081818181819,3.8718181818181816,99.99027272727272,2.578,100.99554545454544,2.432636363636364,1381.6854545454546,44.63109090909092,7.212545454545454,6.812272727272727,6.497727272727271,6.817545454545454
37,37,Colombia,3.0,-4.030272727272728,-13.047727272727274,388800.4645454545,46.19318181818181,-24862.217272727277,-2.844363636363636,-8080.547363636364,-0.8150909090909092,230222.1245454545,28.290636363636363,255084.34000000003,31.13472727272727,0.5636363636363636,813396.7272727273,16686113.824545454,14029.585454545451,17317059.73909091,13631.112727272726,6980.778181818182,780244.0909090909,2.767272727272727,813396.7272727273,638.6872727272727,324.7859090909091,103.258,18.09963636363636,1262.6027272727272,87.87581818181818,3.625181818181818,89.33909090909091,3.638363636363637,46.68463636363636,22.13,3.179636363636364,0.9877272727272726,1.9228181818181824,4.597181818181817
38,38,Comoros,3.0,-2.682636363636364,-0.0293636363636363,82.84718181818182,19.28090909090909,1.641545454545455,0.6778181818181815,2.333727272727274,0.84,77.0271818181818,17.601181818181814,75.38572727272727,16.923454545454547,0.002,437.41981818181824,474421.7690909091,2941.098181818182,552994.1590909091,2741.710909090909,1370.0854545454547,373.8888181818182,2.862454545454545,437.41981818181824,2.177727272727273,1.0775454545454546,116.53045454545456,12.919545454545457,202.7809090909091,165.00209090909092,1.8623636363636364,168.27772727272725,1.5484545454545455,0.7877272727272726,15.602090909090911,3.982909090909091,2.4119090909090914,1.640545454545454,3.2867272727272723
39,39,Costa Rica,3.0,-3.619727272727273,-1.897636363636364,13281.75181818182,42.80318181818182,-1731.841090909091,-5.6970909090909085,-807.266909090909,-2.696272727272728,3999.895454545455,13.46627272727273,5731.736363636365,19.163272727272727,0.0735454545454545,29548.475454545453,6498419.324545455,18523.680909090905,6058655.637272727,17195.776363636363,11107.40909090909,31571.199090909096,3.045909090909092,29548.475454545453,83.85863636363636,54.067545454545446,92.60927272727272,15.107545454545455,352.1231818181818,90.53890909090909,2.9308181818181818,91.4681818181818,2.807727272727273,4.847,18.727272727272727,5.219090909090909,5.804818181818181,4.361272727272727,5.219090909090909
40,40,Croatia,4.0,0.6384545454545454,0.3291818181818181,268.1564545454545,76.00354545454546,-12.406636363636364,-3.6652727272727272,-3.829272727272728,-1.2133636363636364,158.0730909090909,44.7379090909091,170.4802727272727,48.403090909090906,0.0898181818181818,352.3219090909091,83553.23272727273,25378.29181818182,84141.02363636365,24246.597272727275,13649.960909090909,350.08645454545456,0.2101818181818182,352.3219090909091,101.40709090909093,57.25263636363636,100.55227272727274,21.870090909090912,3.4930000000000003,99.3681818181818,0.9669090909090908,99.54545454545456,0.9811818181818182,4.196272727272727,21.231636363636365,3.073727272727272,5.615636363636363,2.573727272727273,2.562181818181818
42,42,Cyprus,3.0,-4.958545454545455,-1.203090909090909,18.28481818181818,93.44763636363636,-0.474,-2.4204545454545454,-0.0113636363636363,-0.036181818181818,7.580363636363637,38.63554545454546,8.054181818181817,41.05618181818182,0.0267272727272727,19.59754545454545,22542.99727272727,36987.48818181819,22873.31909090909,35323.84454545455,27920.413636363635,19.31172727272727,0.7828181818181819,19.59754545454545,30.292454545454543,23.90363636363636,101.4558181818182,12.788818181818185,0.652,99.74981818181818,0.6730909090909091,99.81181818181818,0.5573636363636363,0.8566363636363636,17.63381818181818,1.1797272727272734,1.7838181818181815,3.828272727272728,3.817636363636363
43,43,Denmark,4.0,7.674181818181819,25.830545454545454,827.8650909090909,40.40236363636364,-4.287999999999999,-0.3431818181818183,0.1760000000000025,-0.0955454545454546,1104.9845454545457,53.609,1109.2718181818184,53.952000000000005,0.2563636363636364,2063.789090909091,344419.3809090909,53782.56545454545,363187.54454545456,51029.75090909091,59233.96909090909,1956.1454545454544,1.4943636363636363,2063.789090909091,290.2014545454545,336.1929090909091,105.33209090909092,28.43772727272728,7.154818181818182,99.74236363636363,1.014,100.12727272727273,0.9841818181818184,5.675727272727273,20.76354545454545,3.190272727272728,3.1665454545454548,2.719363636363637,2.9488181818181824
44,44,Djibouti,4.0,7.517636363636362,0.1913636363636363,162.56872727272727,35.45981818181818,-19.152636363636365,-4.396454545454546,-16.460909090909087,-3.8384545454545465,101.93154545454546,23.539272727272728,121.08454545454543,27.93581818181818,0.0036363636363636,437.35518181818185,462490.5718181817,4561.958181818181,473790.0336363636,4640.289090909091,2665.92,425.7523636363637,5.909999999999999,437.35518181818185,4.274545454545454,2.460909090909091,101.64309090909092,23.855909090909087,101.45036363636363,102.21718181818184,2.0050909090909097,102.9721818181818,1.951636363636364,0.9138181818181818,20.320636363636368,3.6011818181818183,6.610636363636365,2.682272727272727,3.0150909090909086
46,46,Dominican Republic,3.0,-3.335272727272728,-2.1246363636363634,1621.1860909090908,47.81809090909091,-110.92872727272726,-3.3680000000000003,-28.790272727272725,-0.9344545454545454,463.28109090909095,14.114454545454548,574.2094545454546,17.482636363636367,0.1348181818181818,3261.384545454545,209898.04818181825,15801.46272727273,324639.39545454545,15374.281818181818,7115.669090909091,2101.3745454545456,4.516636363636364,3261.384545454545,154.18654545454544,71.22509090909092,152.46954545454545,20.99272727272728,20.904,87.59581818181817,3.745454545454545,89.12636363636364,3.8170000000000006,9.97309090909091,24.328090909090907,5.516636363636362,12.698818181818185,5.58818181818182,5.495363636363635
47,47,Ecuador,4.0,-0.4236363636363635,-0.3567272727272728,34.51518181818181,34.759454545454545,-3.7934545454545447,-3.815090909090909,-2.2412727272727277,-2.2643636363636364,33.307181818181824,34.95318181818181,37.10063636363636,38.76827272727273,0.1581818181818181,95.60136363636364,4132.8,11358.363636363636,5859.327272727273,10946.021818181818,5859.327272727273,67.26563636363636,1.8693636363636368,95.60136363636364,178.63445454545456,95.60136363636364,141.5958181818182,26.363454545454545,0.535,99.24181818181818,2.2960000000000007,99.82709090909093,2.076363636363636,16.271636363636365,26.78690909090909,2.026,3.429727272727273,3.248,1.7436363636363632
48,48,El Salvador,3.0,-3.383454545454546,-0.7535454545454542,15.88518181818182,68.03554545454546,-0.936909090909091,-4.08590909090909,-0.2168181818181818,-1.0186363636363636,5.482,23.53681818181818,6.4190000000000005,27.623090909090912,0.0426363636363636,23.169727272727275,3630.693636363637,8083.187272727272,3656.085454545455,7620.012727272727,3656.085454545455,22.995454545454542,1.543181818181818,23.169727272727275,48.32245454545454,23.169727272727275,100.4999090909091,13.653363636363634,0.4824545454545454,109.27172727272728,1.056,109.5290909090909,1.0631818181818182,6.3294545454545466,17.037000000000003,2.8878181818181825,1.5553636363636358,2.0156363636363634,2.878090909090909
49,49,Equatorial Guinea,4.0,-7.867909090909092,-1.1424545454545454,1878.8450909090911,25.73490909090909,-402.3205454545454,-4.626090909090909,-362.6997272727273,-4.111090909090908,1946.694818181818,22.304363636363632,2349.014454545455,26.93054545454545,0.028090909090909,8402.614545454546,5550300.758181817,27516.99,7396808.966363638,26970.347272727275,14114.364545454546,6335.501818181819,-3.500727272727272,8402.614545454546,30.816,15.904545454545456,131.49009090909092,14.970818181818183,270.1365454545454,129.50827272727273,2.930181818181818,128.4370909090909,2.725363636363636,1.1764545454545454,22.838545454545457,-3.001636363636363,-3.6683636363636367,-3.074818181818182,-2.760272727272727
50,50,Eritrea,2.0,12.027636363636365,0.2596363636363636,54.98418181818182,177.08172727272725,-1.3430909090909091,-4.6303636363636365,-0.6240909090909091,-2.303636363636364,8.979090909090909,28.78354545454545,10.322363636363637,33.41409090909092,0.005,31.413454545454545,9458.32818181818,1705.9609090909094,9384.683636363636,1665.3763636363635,615.7052727272727,31.703,4.720272727272728,31.413454545454545,5.591545454545455,2.0615454545454543,99.104,21.05245454545454,5.658181818181817,639.0380909090909,1.8712727272727283,587.3304545454545,3.894727272727273,3.350454545454545,9.024727272727274,1.327909090909091,177.59963636363636,44.79772727272728,2.050090909090909
51,51,Estonia,4.0,0.8937272727272727,0.229090909090909,2.1557272727272725,9.813545454545457,-0.1080909090909091,-0.360090909090909,-0.1194545454545454,-0.4205454545454545,8.389363636363635,39.25363636363636,8.497636363636364,39.6139090909091,0.0353636363636363,21.353818181818184,15923.398181818182,31587.436363636367,16153.577272727272,30457.349090909087,19503.738181818186,21.049636363636363,3.0439090909090907,21.353818181818184,40.26272727272727,25.78372727272728,100.51918181818183,27.30481818181818,0.528090909090909,100.885,2.302545454545454,101.2309090909091,2.312272727272727,1.321818181818182,26.411,7.157636363636363,8.513272727272726,6.563,7.506454545454544
52,52,Ethiopia,2.0,-6.579,-4.313090909090909,819.6331818181818,51.24163636363635,-37.74,-2.220818181818182,-31.20827272727273,-1.8092727272727276,209.53490909090908,14.846727272727271,247.27518181818175,17.06781818181818,0.1508181818181818,1503.6517272727272,15048.87,2026.4009090909087,16285.713636363636,1927.316363636364,683.5688181818182,1367.807272727273,9.300636363636366,1503.6517272727272,175.96227272727273,62.38845454545455,100.3141818181818,29.57981818181818,7.816,99.5479090909091,14.350363636363635,102.67490909090908,14.59518181818182,89.87336363636365,34.743818181818185,8.301818181818183,4.7770909090909095,4.7770909090909095,8.301818181818183
54,54,Finland,4.0,-0.9335454545454548,-2.4580909090909087,126.12409090909092,58.33390909090908,-4.552454545454545,-2.1203636363636367,-4.222090909090909,-1.9688181818181816,113.88772727272726,53.023818181818186,118.4401818181818,55.14445454545455,0.2158181818181818,214.85027272727277,39872.729090909095,46594.929090909085,39347.07090909091,44520.36545454546,47900.68727272728,217.6062727272727,0.8387272727272727,214.85027272727277,243.1440909090909,261.3607272727273,98.62163636363636,22.355818181818183,0.8853636363636365,99.29045454545454,1.3961818181818182,99.84909090909092,1.391727272727273,5.456636363636363,23.289454545454547,2.663272727272727,1.178818181818182,1.9791818181818184,2.405636363636364
55,55,France,4.0,-0.7782727272727272,-20.957272727272724,2119.281818181818,95.86363636363636,-98.88045454545454,-4.526545454545455,-57.66436363636364,-2.6345454545454543,1158.237,52.517818181818186,1257.118181818182,57.044454545454535,2.4593636363636366,2203.9118181818185,33967.568181818184,45257.63727272728,34354.35999999999,43196.31363636363,41828.98636363636,2178.380909090909,0.567272727272727,2203.9118181818185,2772.513636363636,2681.181818181818,101.10281818181817,22.262272727272727,0.7982727272727274,100.32654545454548,1.210909090909091,100.8463636363636,1.156636363636364,64.11836363636365,23.04054545454545,2.328181818181818,2.0389090909090912,2.2001818181818176,2.6330909090909085
57,57,Gabon,4.0,3.401818181818182,0.6534545454545454,4002.5136363636366,45.38372727272728,47.21454545454548,0.5229090909090909,219.6538181818182,2.4885454545454544,1965.6009090909092,22.67954545454545,1918.3854545454544,22.15690909090909,0.026,8699.41090909091,2707376.441818182,15295.889999999998,4601844.4809090905,15398.345454545455,8613.873636363634,5140.032727272727,3.448,8699.41090909091,29.22654545454545,16.18136363636364,170.05354545454546,34.58054545454545,298.8761818181818,124.86963636363636,2.1017272727272727,126.31327272727276,2.0873636363636368,1.896636363636364,31.18609090909091,3.945181818181818,2.275727272727273,2.275727272727273,3.945181818181818
58,58,Georgia,4.0,-9.650636363636364,-1.523727272727273,13.632181818181818,36.83772727272728,-0.8457272727272728,-2.205363636363636,-0.4506363636363636,-1.125727272727273,9.359545454545453,26.588727272727272,10.205272727272728,28.794181818181816,0.0389090909090909,35.276090909090904,9060.968181818182,12538.13181818182,9453.188181818185,11949.560909090907,4284.132727272728,33.82936363636363,3.860727272727273,35.276090909090904,44.59354545454545,15.996272727272729,102.60163636363636,15.650454545454544,0.7847272727272727,117.34972727272726,3.828272727272727,119.38972727272726,3.688818181818182,3.735999999999999,25.301090909090902,4.042090909090909,5.540181818181818,4.084454545454546,3.062909090909091
59,59,Germany,3.0,7.272181818181818,267.7721818181818,2169.783636363636,72.22818181818182,-3.481454545454545,-0.1911818181818181,31.418363636363637,1.011818181818182,1376.8627272727272,45.297363636363634,1380.340909090909,45.48845454545455,3.5233636363636363,3034.4454545454546,37079.25090909091,51496.75727272728,37108.73727272728,48702.57181818182,45106.83454545454,3029.8536363636363,1.3770909090909094,3034.4454545454546,3983.947272727273,3684.728181818183,99.925,27.973,0.7644545454545454,100.02054545454548,1.3222727272727273,100.54545454545456,1.2565454545454544,81.679,20.70072727272727,4.050545454545455,3.470818181818182,3.4745454545454546,3.677909090909091
60,60,Ghana,2.0,-5.491727272727274,-3.124818181818182,118.59545454545454,51.3180909090909,-16.431818181818183,-7.509727272727273,-6.20390909090909,-3.177636363636364,27.29590909090909,13.37509090909091,43.72781818181818,20.885000000000005,0.1279090909090909,203.92809090909088,4784.241818181818,4877.104545454546,7129.038181818181,5205.96,2101.474545454545,133.46690909090907,6.090181818181819,203.92809090909088,145.01781818181817,58.372,143.83100000000002,20.72381818181818,1.3336363636363635,159.9569090909091,11.131272727272728,166.578,11.488909090909091,27.71190909090909,26.24318181818182,6.46818181818182,9.226545454545452,9.226545454545452,8.84681818181818
61,61,Greece,4.0,-4.297000000000001,-10.466,331.0450909090909,180.42109090909088,-8.378636363636362,-4.336909090909091,-0.3961818181818179,-0.1073636363636366,87.43118181818181,47.586909090909096,95.8098181818182,51.92363636363636,0.2682727272727273,184.4777272727273,16720.32727272727,28969.513636363637,16919.516363636365,27533.48545454546,20754.846363636363,182.25418181818185,-2.6600909090909086,184.4777272727273,299.791,226.5423636363637,101.129,8.867636363636365,0.617181818181818,120.21809090909092,0.6086363636363636,118.22827272727274,0.3857272727272727,10.89581818181818,13.164636363636363,1.5810000000000002,4.851181818181818,3.0704545454545458,2.2141818181818183
64,64,Guatemala,3.0,-0.6284545454545455,-0.092090909090909,122.331,25.576727272727272,-11.037636363636365,-2.327363636363636,-3.634272727272728,-0.7720909090909092,53.746545454545455,11.391272727272728,64.78418181818182,13.718909090909092,0.1097272727272727,473.2233636363637,27473.826363636366,7677.142727272727,28864.44363636364,7598.23909090909,3752.352727272727,448.1261818181819,3.077,473.2233636363637,124.27109090909092,61.572272727272725,104.73863636363636,14.020363636363635,3.787636363636364,121.37327272727272,3.9588181818181822,123.53727272727272,4.172181818181818,16.270818181818182,14.649,3.576090909090909,2.3235454545454544,2.3235454545454544,3.576090909090909
65,65,Guinea,2.0,-15.108090909090908,-1.4288181818181818,33116.94727272727,43.086090909090906,-2027.0254545454543,-3.066636363636363,-1328.4828181818184,-2.085454545454545,11661.843636363636,14.864454545454548,13688.867272727271,17.931181818181816,0.0213636363636363,79123.23818181819,4255367.170000001,2067.589090909091,6231192.867272726,1959.5654545454545,765.8172727272726,53158.74909090909,6.129727272727272,79123.23818181819,24.611545454545453,9.620454545454546,142.7542727272727,-1.959363636363636,3100.6236363636363,1341.5761818181818,11.707363636363636,1400.7030909090909,11.581090909090909,12.37590909090909,13.148454545454548,27.87581818181818,3.000818181818182,2.516727272727273,27.450454545454544
66,66,Guyana,3.0,-13.16290909090909,-0.6188181818181818,404.9985454545455,45.61872727272728,-30.015454545454546,-3.202545454545455,-22.65554545454545,-2.350090909090909,196.25236363636367,21.822727272727278,226.26772727272729,25.02536363636364,0.0081818181818181,891.811,1224208.0718181818,12006.97818181818,1156460.6272727272,11832.486363636364,5602.57909090909,944.0386363636364,7.426181818181818,891.811,9.131636363636364,4.319999999999999,95.07736363636364,-0.7100909090909097,99.26372727272724,112.46754545454546,1.7896363636363637,113.48618181818182,1.7331818181818184,0.7694545454545455,12.452636363636362,2.626454545454546,16.94109090909091,14.865181818181815,6.373727272727273
67,67,Haiti,4.0,-1.9895454545454547,-0.291,185.293,22.13609090909091,-13.685909090909092,-1.752909090909091,-11.953363636363637,-1.5476363636363637,85.01054545454544,10.720636363636364,98.69645454545456,12.473636363636365,0.0283636363636363,837.4880909090909,55853.943636363634,2987.336363636364,75649.58727272728,2921.4845454545457,1317.5345454545457,609.7128181818181,0.8655454545454543,837.4880909090909,31.958181818181824,14.383909090909093,135.49936363636365,16.51318181818182,25.60581818181818,79.99536363636363,10.709,84.87581818181819,11.701727272727272,10.912636363636365,18.502909090909093,6.659818181818181,5.624545454545454,1.6139090909090916,4.772727272727273
68,68,Honduras,4.0,-4.653545454545455,-0.8988181818181818,174.94845454545455,36.48654545454546,-9.041454545454544,-2.215818181818182,-7.058454545454547,-1.8835454545454544,114.72436363636363,24.701363636363634,123.7658181818182,26.917181818181817,0.0388181818181818,460.2275454545454,20792.225454545456,5266.216363636363,49978.20363636364,4821.111818181817,2273.918181818182,190.0583636363636,2.5140909090909087,460.2275454545454,44.33972727272727,20.83227272727273,239.0967272727272,18.77636363636364,10.335454545454546,282.82745454545454,4.540454545454545,287.83736363636365,4.635090909090909,9.12090909090909,23.42981818181818,3.6653636363636366,3.8941818181818166,3.8941818181818166,3.6653636363636366
69,69,Hungary,4.0,1.4073636363636362,1.8611818181818185,27046.85454545455,75.54327272727272,-1195.276,-3.2620909090909094,-88.12200000000003,-0.0535454545454545,16289.611818181816,45.33463636363636,17484.888181818184,48.59672727272728,0.239,36076.56545454545,3582350.5736363647,28099.904545454545,3662587.0127272727,27478.19727272727,14324.990909090908,35315.17272727273,2.1025454545454547,36076.56545454545,270.7704545454546,141.2521818181818,101.21581818181818,24.50390909090909,132.24727272727273,112.73045454545452,2.5682727272727277,113.351,2.507181818181818,9.865727272727272,22.937181818181816,3.309454545454545,4.359818181818183,4.619909090909092,4.964727272727273
70,70,Iceland,4.0,2.2251818181818184,0.5453636363636364,2203.776363636364,99.99872727272728,-21.56627272727273,-1.1734545454545455,41.56318181818181,1.5754545454545457,1055.8915454545454,45.26727272727272,1077.4577272727272,46.440636363636365,0.0148181818181818,2331.461818181818,7031257.924545455,52928.04636363637,6936244.526363637,49988.20818181818,57792.36454545455,2353.122727272728,2.0068181818181823,2331.461818181818,16.79090909090909,19.418090909090907,98.08836363636364,20.905272727272724,138.49145454545453,150.8020909090909,3.1032727272727274,152.6327272727273,2.9123636363636365,0.3339090909090909,18.68018181818181,3.567636363636363,0.9595454545454544,0.9495454545454542,3.0704545454545458
71,71,India,3.0,-1.8662727272727275,-37.79781818181818,101820.49545454544,70.87736363636363,-11095.133636363636,-7.790818181818182,-4505.455454545455,-3.194909090909091,27584.163636363635,19.50572727272727,38679.29636363637,27.296818181818185,6.449909090909091,141275.6,86617.2209090909,5454.149090909092,106917.9018181818,5590.123636363635,1695.778181818182,113980.42636363636,5.683636363636364,141275.6,7357.042727272727,2230.548181818181,121.17036363636362,31.598818181818185,18.773545454545456,129.6342727272727,6.599545454545453,123.82227272727272,6.253818181818182,1308.9945454545452,33.45590909090909,2.6433636363636355,4.755909090909091,5.242818181818183,3.243818181818182
72,72,Indonesia,4.0,-1.7762727272727274,-17.28,3275708.0090909093,27.462909090909093,-289361.18727272726,-2.303545454545455,-113754.11999999998,-0.8466363636363635,1727430.8018181818,15.26309090909091,2016791.989090909,17.56654545454546,2.3967272727272726,11550066.645454546,35179426.698181815,10270.797272727274,44937929.96,10622.03,3704.804545454546,9002509.745454546,4.749363636363636,11550066.645454546,2717.657272727273,945.9301818181818,126.10390909090911,32.01636363636363,4179.151818181818,87.92945454545453,4.465,89.73636363636365,4.386636363636364,254.79627272727276,33.792545454545454,4.326363636363635,2.6594545454545457,2.6594545454545457,4.326363636363635
74,74,Ireland,2.0,-1.864090909090909,-7.040181818181819,199.51345454545452,85.31845454545454,-12.46072727272727,-6.570454545454546,-7.194909090909092,-4.279636363636365,70.64654545454546,29.23763636363636,83.10763636363636,35.80827272727273,0.2722727272727273,252.1932727272727,56938.115454545456,68567.76,52726.98181818181,65813.53090909091,63213.1,271.8496363636364,6.247636363636364,252.1932727272727,314.98754545454545,301.78636363636366,91.45000000000002,27.02618181818181,0.8061818181818183,99.63181818181816,0.3143636363636364,99.84545454545454,0.398909090909091,4.745181818181819,28.890272727272727,4.957090909090909,10.15981818181818,10.072636363636365,9.821545454545456
75,75,Israel,3.0,3.287818181818181,10.884545454545457,755.9345454545455,65.21054545454545,-43.31181818181819,-3.5929090909090915,-16.205,-1.1847272727272726,421.60063636363634,36.24236363636364,464.9124545454544,39.83536363636362,0.2683636363636363,1165.355090909091,139860.4945454545,37553.95363636364,138067.02090909093,36127.40727272728,37801.909090909096,1177.6781818181817,3.6069090909090913,1165.355090909091,305.4282727272727,319.4122727272727,98.50845454545453,24.13454545454545,3.8344545454545456,98.47872727272726,0.9065454545454544,98.78181818181817,0.7292727272727274,8.39390909090909,20.846727272727268,4.517999999999999,1.699818181818182,3.727636363636364,4.233272727272728
76,76,Italy,4.0,1.1376363636363638,21.253090909090908,2227.87,132.92527272727273,-56.17381818181818,-3.3814545454545453,10.293000000000005,0.6013636363636364,786.8011818181818,46.97890909090909,842.9749999999999,50.36054545454545,2.086090909090909,1675.1281818181817,27946.58090909091,41467.45272727273,27907.84,39052.47727272727,34050.59818181818,1677.4845454545452,-0.5736363636363637,1675.1281818181817,2343.907272727273,2043.8981818181817,99.88527272727272,19.269727272727277,0.7174545454545455,99.60918181818182,1.133181818181818,100.6,1.0832727272727274,60.02618181818182,18.13181818181818,1.6240909090909086,2.5335454545454543,2.162545454545456,1.0940909090909092
77,77,Jamaica,3.0,-5.279999999999999,-0.7550909090909091,1967.2745454545448,121.29581818181818,-22.690181818181813,-1.7336363636363636,105.31681818181818,6.185909090909092,469.27,27.816181818181825,491.9601818181818,29.549545454545456,0.0229999999999999,1669.15,273331.99454545457,10089.506363636365,605160.3081818182,9496.468181818183,5312.240000000001,743.156090909091,-0.356090909090909,1646.6909090909094,25.828818181818185,14.444454545454546,221.12981818181817,16.693363636363635,63.16636363636363,84.49854545454546,6.175818181818181,87.07127272727274,6.004,2.718818181818182,21.534090909090917,4.511363636363637,4.203090909090909,3.763636363636364,4.631090909090909
78,78,Japan,4.0,2.716636363636364,140.897,1217799.2027272729,229.85945454545453,-32359.24727272728,-6.209363636363637,-27102.184545454547,-5.209545454545455,172038.77545454545,32.433727272727275,204398.02272727276,38.643,4.528272727272728,529197.8454545455,4200854.97,39998.272727272735,4168636.506363636,39994.98454545454,41495.16909090908,533324.3727272728,0.7069090909090909,529197.8454545455,5076.876363636364,5270.113636363636,99.19400000000002,27.42127272727272,104.36436363636363,97.33163636363636,0.4192727272727272,97.479,0.4178181818181819,126.97081818181816,24.704727272727272,3.2205454545454546,3.3272727272727267,3.3681818181818177,3.0771818181818187
79,79,Jordan,3.0,-8.670909090909092,-3.1658181818181816,19.91,74.14136363636364,-1.9940909090909087,-7.792818181818182,-1.1817272727272723,-4.806818181818181,6.511090909090908,24.56018181818182,8.505181818181818,32.353181818181824,0.0773636363636363,26.503454545454545,3083.8518181818185,10440.424545454547,2946.228181818182,9774.206363636364,4154.494545454546,27.469272727272724,2.0356363636363644,26.503454545454545,87.82581818181818,37.37418181818182,95.915,13.002454545454547,0.3014545454545454,92.56618181818182,2.6384545454545454,93.73372727272728,2.423090909090909,8.952,21.673454545454547,-0.715363636363636,2.765,0.9405454545454546,-1.2415454545454545
80,80,Kazakhstan,4.0,-0.8271818181818182,-1.005,8477.74181818182,17.09381818181818,-424.1348181818183,-0.0825454545454545,-594.8227272727272,-0.3916363636363636,9474.68272727273,21.62418181818182,9898.816363636362,21.70690909090909,0.3724545454545454,45549.91,722590.0645454546,23843.763636363637,2545400.51,23791.68181818182,10474.110909090909,12794.773636363634,3.827272727272728,45549.91,421.83363636363634,184.31390909090908,346.9853636363637,25.30236363636364,104.91627272727274,331.24254545454545,7.258909090909092,342.64009090909093,7.345454545454547,17.65927272727273,26.12990909090909,2.8757272727272727,2.6891818181818183,2.687818181818182,1.9056363636363636
81,81,Kenya,2.0,-6.555909090909092,-4.627909090909091,3563.82,47.67909090909091,-472.3118181818182,-6.271636363636364,-266.53354545454545,-3.592181818181818,1212.1480909090908,17.346454545454545,1684.4596363636365,23.618272727272725,0.1536363636363636,7013.929090909091,167309.34545454543,4480.127272727273,158264.07818181816,4017.55,1651.9445454545455,7304.938181818183,4.563818181818181,7013.929090909091,177.20190909090908,72.79336363636365,93.3701818181818,14.102090909090908,38.85454545454545,297.21536363636363,6.931727272727272,293.6688181818181,7.019272727272726,43.463,20.658,0.8940000000000001,1.8548181818181817,1.577090909090909,3.737454545454544
83,83,Kuwait,5.0,22.562181818181816,34.08390909090909,3.291636363636364,8.593272727272726,6.658545454545455,15.103090909090907,2.297181818181817,3.8844545454545454,25.69172727272728,63.67181818181818,19.03290909090909,48.56881818181819,0.2044545454545454,39.96863636363637,9195.24181818182,48910.99454545455,9676.455454545452,54798.62636363635,33235.65363636363,38.24363636363637,0.6697272727272728,39.96863636363637,225.5716363636364,136.85254545454544,104.53836363636364,44.678636363636365,0.1775454545454545,169.64045454545456,2.807727272727273,177.0408181818182,2.770090909090909,4.185090909090909,21.60954545454545,2.774727272727272,0.8159090909090909,-0.5917272727272723,2.774727272727272
84,84,Latvia,4.0,-0.4938181818181819,-0.1461818181818182,10.024272727272727,40.724545454545456,-0.4066363636363637,-1.7691818181818184,-0.0974545454545454,-0.4897272727272728,9.089545454545451,36.57418181818182,9.49609090909091,38.34327272727272,0.0443636363636363,24.79990909090909,12313.895454545454,26406.412727272724,12509.412727272727,25400.083636363637,15122.252727272724,24.461272727272725,1.977818181818182,24.79990909090909,50.35136363636363,30.041909090909098,100.81209090909093,23.14227272727273,0.4926363636363637,101.24545454545456,1.3247272727272728,101.33727272727272,1.5096363636363634,1.9939090909090909,23.63609090909091,5.776545454545454,5.403,5.403,5.776545454545454
86,86,Lesotho,2.0,-5.684181818181819,-0.1358181818181818,11.807272727272728,42.66881818181818,-1.0863636363636364,-4.391363636363637,-0.8311818181818182,-3.495727272727273,13.815909090909091,50.848636363636366,14.902272727272726,55.23990909090909,0.0048181818181818,27.092181818181817,10443.016363636363,2673.2054545454544,13534.92818181818,2736.0518181818184,1166.1234545454545,20.82890909090909,1.238909090909091,27.092181818181817,5.461454545454546,2.322090909090909,129.31481818181817,20.74890909090909,4.923272727272728,95.85136363636364,4.908909090909091,98.0081818181818,5.064636363636364,1.9941818181818176,26.43309090909091,1.0936363636363635,1.0294545454545456,0.6850909090909092,0.965
91,91,Luxembourg,4.0,5.148363636363636,3.229636363636364,11.45418181818182,21.79836363636364,0.4307272727272727,0.8295454545454547,0.3066363636363636,0.5897272727272728,22.999,43.96245454545454,22.568454545454543,43.13281818181818,0.0527272727272727,52.29436363636364,81764.44363636363,111625.19272727272,92289.59727272727,105721.83,112206.43,46.13154545454545,2.7070909090909088,52.29436363636364,59.98499999999999,63.27063636363636,112.75063636363636,23.62118181818182,0.8747272727272729,100.11854545454548,1.608,100.74636363636364,1.5027272727272725,0.5634545454545455,18.472727272727276,2.328,1.926,4.603,5.018909090909091
92,92,Madagascar,2.0,-3.4888181818181816,-0.4077272727272726,13665.590909090906,37.84018181818183,-766.6859090909091,-2.1366363636363634,-526.7682727272727,-1.4624545454545457,4123.874545454546,11.390545454545457,4890.559090909092,13.527454545454544,0.034,35098.59727272727,774466.880909091,1545.081818181818,1408922.0909090908,1566.019090909091,504.1066363636364,18935.97909090909,2.1265454545454543,35098.59727272727,38.348454545454544,12.313909090909094,182.0282727272727,15.297000000000002,897.3645454545457,96.85709090909091,6.982636363636365,99.81654545454543,6.796363636363636,24.460363636363635,18.78572727272727,3.8681818181818177,-3.760727272727273,-6.478636363636364,1.580454545454546
93,93,Malawi,2.0,-10.367636363636365,-0.991,1958.9675454545447,35.88554545454546,-225.75627272727272,-3.786727272727273,-95.03090909090908,-1.357,735.9390000000001,15.857272727272727,961.6943636363636,19.64381818181818,0.0223636363636363,4787.710909090909,336442.14909090905,1340.01,252989.1963636364,1390.2463636363636,522.5514545454546,6133.840909090909,4.044272727272727,4787.33909090909,25.324727272727277,9.462,74.25845454545454,-0.7084545454545456,180.73827272727277,75.42090909090908,15.521818181818183,76.96754545454544,16.29509090909091,18.183818181818182,8.592090909090906,6.306454545454546,1.8836363636363629,1.8836363636363629,6.306454545454546
94,94,Malaysia,5.0,4.697545454545455,14.607363636363637,670.1176363636364,55.92981818181818,-36.89718181818181,-3.155090909090909,-16.958,-1.5171818181818182,258.70918181818183,22.021454545454542,295.6064545454546,25.17654545454545,0.6771818181818182,1188.597090909091,37672.66999999999,24017.992727272725,38128.59272727273,24678.68,10360.24909090909,1172.1708181818185,4.354636363636365,1188.597090909091,767.8630909090908,321.20609090909096,100.77463636363638,28.876636363636365,1.538818181818182,112.3150909090909,1.8434545454545457,113.46363636363634,1.8107272727272727,30.979181818181814,24.179181818181817,4.065181818181818,3.8105454545454553,2.150090909090909,2.328090909090909
95,95,Maldives,3.0,-15.841909090909091,-0.6841818181818181,41.648909090909086,68.264,-4.516818181818182,-7.939727272727273,-3.455636363636364,-6.126181818181819,15.539636363636363,25.56172727272727,20.056454545454542,33.501363636363635,0.0063636363636363,59.54963636363636,166628.21181818182,22393.86363636364,169357.63636363635,21050.104545454546,11116.684545454546,58.27063636363636,2.9570909090909083,59.54963636363636,7.398272727272727,3.9048181818181815,100.47354545454546,4.158090909090908,8.01090909090909,90.94381818181816,3.663818181818182,92.47836363636364,3.5160909090909103,0.3483636363636364,20.0,7.787909090909091,9.623,5.4861818181818185,8.243272727272728
96,96,Mali,2.0,-5.271727272727273,-0.7391818181818182,2627.2154545454546,32.218545454545456,-241.09527272727277,-2.9676363636363634,-181.8511818181818,-2.256272727272727,1435.4136363636364,18.10672727272728,1676.5100909090909,21.074454545454543,0.032,7821.861818181819,263170.93000000005,2215.599090909091,454970.17545454553,2123.5227272727275,841.1717272727274,4494.996363636365,3.858727272727272,7821.861818181819,36.50872727272728,14.372000000000003,172.43618181818184,15.532272727272728,214.3801818181818,141.06300000000002,0.9808181818181816,139.46663636363635,0.9409090909090906,17.014545454545456,20.804181818181817,9.019272727272728,5.931727272727272,5.600727272727272,10.206181818181818
97,97,Malta,3.0,2.1674545454545453,0.296090909090909,5.4569090909090905,56.62890909090909,-0.1402727272727273,-1.527818181818182,0.0679090909090909,0.7125454545454545,3.7269090909090905,37.30863636363637,3.867272727272727,38.836636363636366,0.015090909090909,10.036909090909091,22123.725454545456,39762.40818181818,22114.78545454545,38025.69181818182,26670.894545454543,9.990999999999998,4.653090909090909,10.036909090909091,17.25890909090909,12.052909090909088,99.152,22.853181818181817,0.5814545454545456,99.89836363636364,1.5380909090909092,98.56545454545451,1.4453636363636362,0.4485454545454544,20.68563636363636,4.204636363636364,4.59690909090909,4.59690909090909,4.204636363636364
99,99,Mauritania,2.0,-12.385636363636364,-0.8524545454545454,115.98390909090908,50.50354545454545,1.5993636363636363,0.4586363636363636,3.573636363636364,1.3245454545454545,47.10963636363636,20.747454545454545,45.51036363636364,20.28863636363636,0.017090909090909,225.18918181818185,56158.62727272727,5429.235454545455,60233.656363636364,5210.60090909091,1858.4145454545453,209.24381818181817,3.741272727272728,225.18918181818185,19.482818181818185,6.896181818181819,107.011,31.98754545454545,11.566636363636364,158.7888181818182,3.327545454545455,160.33154545454548,3.033181818181818,3.7110909090909088,40.60954545454546,8.502636363636364,5.006909090909091,5.006909090909091,8.502636363636364
100,100,Mauritius,5.0,-6.923181818181818,-0.8196363636363636,275.9888181818182,66.00272727272727,-17.200545454545455,-4.077545454545455,-6.543,-1.479272727272727,87.80145454545455,21.194454545454544,105.00209090909092,25.27209090909091,0.0216363636363636,412.2299090909091,250973.61181818185,19685.00727272727,321743.4563636364,19460.52363636364,9692.334545454543,316.5432727272727,2.012272727272728,405.88972727272727,24.54836363636364,12.223272727272729,127.64654545454545,17.065818181818184,16.50390909090909,94.89045454545456,2.929909090909091,95.23763636363634,2.8813636363636363,1.2609090909090908,20.84436363636364,3.1348181818181824,-0.4540909090909091,-1.7657272727272726,2.8951818181818183
101,101,Mexico,3.0,-1.2755454545454543,-15.558,9768.182727272726,50.3349090909091,-605.2289090909089,-3.282272727272728,12.95890909090909,-0.120090909090909,4573.125454545454,24.036636363636365,5178.354545454545,27.318909090909088,1.9885454545454544,19027.14090909091,139977.70636363636,19098.44272727273,156222.8236363636,18495.199090909093,9773.103636363636,16967.41363636364,1.6702727272727278,19027.14090909091,2246.384545454546,1182.200909090909,111.29699999999998,21.21081818181818,8.396181818181818,89.15118181818183,3.909818181818182,91.07581818181818,3.901636363636364,121.1131818181818,22.486272727272723,4.094727272727273,5.796636363636363,5.5723636363636375,3.855545454545455
103,103,Mongolia,4.0,-19.52318181818182,-2.299181818181818,15788.617272727271,60.68645454545454,-976.95,-4.047454545454546,-358.5682727272727,-1.781727272727273,7021.332727272727,29.62754545454545,7998.281818181818,33.6749090909091,0.0285454545454545,23876.384545454544,4958003.223636364,10338.346363636363,7668301.053636364,10549.135454545454,3835.811818181819,15260.481818181815,6.583000000000001,23876.384545454544,32.472272727272724,11.753545454545456,151.097,19.729818181818185,709.7036363636364,95.15427272727273,7.646909090909091,97.32727272727274,7.564727272727273,3.055727272727273,39.25327272727273,12.936727272727271,8.904363636363636,7.787727272727272,13.454181818181816
104,104,Montenegro,3.0,-15.886272727272727,-0.7387272727272727,2.608636363636364,66.51372727272728,-0.2112727272727273,-5.498636363636363,-0.1306363636363636,-3.433545454545455,1.5808181818181817,41.2349090909091,1.791909090909091,46.73354545454546,0.0093636363636363,3.827818181818182,4272.931818181819,18489.96181818182,6158.979090909092,17231.583636363634,7455.346363636365,2.6554545454545457,1.2277272727272726,3.827818181818182,10.709727272727276,4.633181818181818,143.35445454545453,9.000272727272728,0.3585454545454545,291.34954545454553,1.442,264.5311818181818,1.387909090909091,0.6212727272727272,24.94818181818182,1.7480909090909096,1.1416363636363631,0.3092727272727267,1.9860909090909096
105,105,Morocco,3.0,-5.010818181818181,-5.296363636363638,609.8161818181818,62.043090909090914,-49.40136363636364,-5.141090909090909,-25.113,-2.6463636363636365,261.7617272727273,26.98290909090909,311.16290909090907,32.12409090909091,0.2203636363636364,971.9000909090907,25893.48545454545,7192.011818181817,28415.573636363635,7275.94909090909,3133.1727272727267,884.656090909091,2.5991818181818176,971.9000909090907,248.66881818181815,106.9549090909091,109.5538181818182,27.87036363636364,3.900727272727273,97.90645454545457,0.937818181818182,98.20981818181818,0.937181818181818,34.10090909090909,32.881,2.544818181818182,6.681363636363637,4.133727272727273,2.151
106,106,Mozambique,2.0,-29.35936363636363,-4.440363636363637,600.4490000000001,79.46972727272728,-28.61136363636364,-4.403727272727273,-12.926545454545458,-2.432454545454545,181.3709090909091,26.78063636363636,209.98227272727271,31.18409090909091,0.0286363636363636,671.7458181818182,20873.254545454543,1202.257272727273,24209.25090909091,1194.0010909090909,545.577,570.6369090909092,4.941181818181818,671.7458181818182,32.76745454545455,14.71809090909091,114.81172727272728,15.739272727272724,20.028181818181817,95.582,7.175727272727272,98.7181818181818,7.179181818181818,27.188,45.09854545454545,7.4647272727272735,6.09809090909091,5.946636363636362,8.464090909090912
107,107,Myanmar,4.0,-2.7364545454545457,-1.872272727272727,28049.884545454544,39.981545454545454,-2516.543,-3.4089090909090918,-1509.5515454545457,-2.0350909090909086,12404.079090909094,16.91581818181818,14920.623636363638,20.324818181818184,0.1879999999999999,71390.33636363636,1360126.259090909,3908.2427272727273,1383712.294545455,4167.987272727273,1196.9109090909094,69932.01,6.297999999999999,71390.33636363636,214.13936363636364,61.43872727272728,99.2371818181818,28.139636363636363,323.94054545454543,120.0959090909091,6.046363636363637,123.8849090909091,5.924454545454546,51.18481818181818,30.876090909090905,12.259909090909092,3.651,6.200909090909092,12.318909090909091
108,108,Namibia,4.0,-6.765999999999999,-0.8112727272727274,59.70272727272727,38.46072727272727,-9.033272727272726,-6.154363636363637,-5.547363636363636,-3.936090909090909,45.67027272727273,31.762545454545453,54.703545454545456,37.91709090909091,0.0202727272727272,142.89290909090911,59282.78999999999,10021.326363636364,60823.26818181819,9968.84818181818,5321.756363636364,135.54518181818182,2.153545454545454,140.55118181818182,22.83736363636364,12.120181818181816,102.4380909090909,16.977272727272727,6.061636363636364,114.35963636363635,4.913272727272727,115.9918181818182,4.784363636363636,2.2855454545454545,22.52072727272727,0.756181818181818,-1.0054545454545456,-1.2013636363636364,0.6961818181818183
111,111,Netherlands,4.0,8.72490909090909,75.45572727272727,421.4888181818182,59.937909090909095,-11.802545454545458,-1.8056363636363637,-4.173454545454547,-0.7039090909090909,300.39672727272733,42.35545454545454,312.1992727272727,44.16109090909091,0.7815454545454545,708.9239090909092,41298.30090909091,53962.54727272727,41792.73636363636,51956.36909090909,50873.46272727272,700.1070000000001,0.9735454545454544,708.9239090909092,881.6093636363636,862.1071818181816,101.09354545454543,29.06681818181817,0.8060909090909092,99.98154545454544,1.4637272727272723,100.63272727272728,1.4997272727272728,16.945727272727275,20.342,4.237000000000001,3.8405454545454543,3.861818181818181,3.802636363636364
113,113,New Zealand,4.0,-2.800636363636364,-5.269818181818182,87.59072727272728,33.75227272727273,-4.187909090909091,-1.7113636363636362,-2.422,-1.0209090909090908,96.40863636363638,37.28727272727273,100.59663636363638,38.99890909090909,0.1554545454545454,258.81636363636363,48589.16090909091,39454.15727272727,55253.37090909092,37720.47090909092,40333.968181818185,226.77754545454545,2.453636363636364,258.81636363636363,176.69254545454544,188.22199999999995,113.4181818181818,20.45336363636364,1.4656363636363636,140.87763636363636,1.5886363636363638,139.24736363636364,1.5818181818181818,4.65790909090909,22.32472727272727,4.478818181818181,2.225454545454545,1.6525454545454543,3.902636363636364
114,114,Nicaragua,3.0,-6.077727272727273,-0.6732727272727271,113.79363636363637,33.24727272727272,-4.50990909090909,-1.1837272727272727,-2.013909090909091,-0.504090909090909,82.18518181818182,24.532000000000004,86.695,25.71554545454546,0.0281818181818181,330.7772727272727,26021.78727272727,5359.268181818182,52574.48,5107.051818181818,1887.6036363636365,162.83227272727274,2.900636363636364,330.7772727272727,32.03090909090909,11.820636363636366,200.01336363636364,21.387727272727272,10.16218181818182,188.52672727272727,5.38909090909091,193.45836363636369,5.523636363636364,6.244090909090909,27.465636363636364,3.4412727272727266,4.769363636363637,4.036272727272728,2.6859090909090906
115,115,Niger,2.0,-12.90118181818182,-1.3721818181818184,1775.0754545454545,28.22409090909091,-220.56972727272725,-3.571727272727273,-184.6559090909091,-3.025636363636364,967.6340909090908,16.338818181818183,1188.2028181818182,19.910454545454545,0.0208181818181818,5832.376363636364,286502.03090909094,1132.9700000000005,286167.68636363634,1163.477272727273,529.6080000000001,5808.143636363637,5.9363636363636365,5832.376363636364,23.587454545454545,10.707454545454544,99.62263636363636,16.923545454545458,245.3982727272727,100.60218181818182,0.926818181818182,101.0258181818182,0.8547272727272728,20.13381818181818,30.21736363636364,3.691636363636364,2.1591818181818185,9.03,6.133454545454544
116,116,Nigeria,2.0,0.8654545454545457,3.463090909090908,24035.94727272727,21.92436363636364,-3854.4352727272735,-3.418636363636364,-2481.778,-2.177636363636364,9078.42,9.897999999999998,12932.853636363638,13.316636363636364,0.8374545454545455,100414.55272727272,364275.5663636364,5214.713636363636,542642.3327272728,5193.988181818181,2470.759090909091,66119.07818181819,3.3007272727272734,100414.55272727272,944.992,445.425909090909,149.38063636363634,19.054181818181817,104.07372727272728,196.42236363636368,11.934636363636365,206.9109090909091,12.060636363636364,181.60518181818185,18.18890909090909,8.817545454545455,-0.2744545454545454,0.2806363636363633,5.845272727272728
117,117,Norway,4.0,7.973818181818182,36.63718181818182,1144.7830909090908,36.25536363636363,221.4442727272727,7.314454545454544,153.42254545454543,5.153818181818181,1728.6472727272726,54.992,1507.2045454545455,47.67763636363637,0.294,3145.5254545454545,651545.5472727274,61572.51818181818,606156.4309090909,63466.36272727272,84788.32636363637,3377.070909090909,1.2688181818181816,3145.5254545454545,328.8853636363636,437.7975454545455,92.96518181818182,35.6709090909091,9.55290909090909,109.91763636363636,2.0344545454545453,102.0,2.004454545454545,5.180363636363636,27.68609090909091,2.5401818181818188,0.1317272727272727,0.8227272727272726,2.0820909090909083
118,118,Oman,3.0,-2.86390909090909,-1.873636363636364,7.7891818181818175,28.619,-1.468,-5.547545454545456,-1.4718181818181817,-5.5538181818181815,11.02909090909091,39.868545454545455,12.497090909090907,45.4160909090909,0.1280909090909091,27.47536363636364,6586.744545454544,31007.63,6871.158181818181,35920.02090909091,17870.373636363638,26.532,2.4828181818181823,27.47536363636364,142.518,71.45718181818182,104.13763636363636,21.902636363636365,0.1926363636363636,102.0409090909091,1.3966363636363637,101.40745454545454,1.3238181818181818,4.051,24.754363636363635,1.739363636363637,2.614818181818181,2.7214545454545447,2.237818181818182
119,119,Pakistan,1.0,-2.374727272727273,-6.467272727272728,19565.139090909088,68.55172727272726,-1862.7888181818184,-6.677090909090908,-545.0971818181818,-2.0398181818181818,3987.104545454546,14.325727272727276,5849.892727272727,21.002636363636363,0.7759090909090909,27585.83818181818,56428.06636363635,4584.81,143163.8009090909,4607.810909090909,1330.519090909091,10760.021818181818,3.5238181818181817,27585.83818181818,879.9078181818181,253.84418181818185,251.08336363636363,13.12,30.681818181818187,96.49454545454546,7.608272727272726,99.06072727272726,7.500272727272729,189.9653636363637,15.494818181818182,6.271181818181819,1.6116363636363635,1.683727272727272,5.232090909090909
121,121,Panama,3.0,-8.014363636363637,-3.839727272727272,20.315181818181816,39.903818181818174,-1.6250909090909091,-3.0650909090909084,-0.7385454545454544,-1.3008181818181817,10.302363636363635,20.576,11.927363636363635,23.640909090909087,0.0853636363636363,50.81218181818181,8787.233636363635,27255.31090909091,12688.466363636364,24504.621818181826,12688.466363636364,35.06536363636363,3.987,50.81218181818181,98.42081818181818,50.81218181818181,143.03609090909092,32.27045454545455,0.5243636363636365,99.96827272727272,2.0295454545454548,100.46990909090908,1.9398181818181817,3.973181818181818,40.28490909090909,1.0980909090909097,-2.4384545454545457,-0.4669999999999997,1.7119999999999995
123,123,Paraguay,3.0,0.7956363636363636,0.2950909090909091,38007.41727272728,18.762363636363634,-3457.2243636363637,-1.503272727272727,-1761.5262727272727,-0.6668181818181818,34333.58181818182,17.913545454545456,37790.80454545455,19.416818181818183,0.0693636363636363,189567.8963636364,27196309.66363636,11599.047272727274,27853139.23636364,11562.753636363635,5354.326363636364,184311.9909090909,3.867090909090909,189567.8963636364,78.46154545454546,36.208272727272735,101.79290909090908,22.73936363636364,2394.36,91.05490909090908,3.9648181818181816,92.55927272727271,3.983000000000001,6.757272727272727,21.943909090909088,4.586636363636362,2.837727272727273,2.746909090909091,4.975909090909092
124,124,Peru,4.0,-2.539727272727273,-4.939727272727271,153.55327272727274,24.76854545454545,-10.028636363636364,-1.3019999999999998,-3.5903636363636378,-0.2604545454545455,123.2398181818182,20.414272727272724,133.26863636363635,21.716454545454543,0.32,610.1757272727273,15112.170000000002,11729.69090909091,19409.277272727275,11547.535454545454,6319.370909090908,473.4969090909091,3.080090909090909,610.1757272727273,362.31236363636367,198.0016363636364,127.85027272727274,20.23463636363637,1.6727272727272728,118.93609090909092,2.712,120.17127272727272,2.7827272727272723,31.269999999999992,22.774363636363635,4.100545454545454,1.8469090909090904,1.8469090909090904,4.100545454545454
125,125,Philippines,4.0,1.6089090909090904,4.262727272727273,5953.024545454545,42.1469090909091,-164.888,-0.9935454545454546,118.84618181818183,1.0822727272727273,2666.8345454545456,18.39490909090909,2831.7227272727278,19.388181818181817,0.6603636363636364,14292.449090909093,148534.29999999996,7386.040909090908,140315.9209090909,7414.483636363637,2976.767272727273,15088.284545454546,4.954909090909091,14292.449090909093,754.1279090909092,302.23645454545454,93.794,23.85990909090909,18.83318181818182,107.82272727272726,2.9955454545454545,109.2818181818182,3.033909090909091,100.96181818181816,22.25127272727273,6.53209090909091,6.595454545454545,7.612,6.704636363636364
126,126,Poland,4.0,-1.711,-8.450181818181818,970.667,52.57063636363637,-61.964000000000006,-3.4892727272727275,-27.39127272727273,-1.5527272727272723,737.9464545454546,39.66690909090909,799.9104545454545,43.156090909090906,0.9270909090909092,1853.3227272727272,48171.060909090906,28330.27363636364,48768.278181818176,27699.351818181814,13938.37909090909,1830.6936363636364,3.0842727272727277,1853.3227272727272,1052.6398181818183,529.7443636363636,100.76727272727273,18.578636363636367,1.7629090909090912,168.9121818181818,1.744727272727273,167.41009090909088,1.736363636363636,38.00772727272727,20.289545454545458,5.876,6.899272727272728,6.899272727272728,5.876
127,127,Portugal,3.0,-1.225181818181818,-2.9926363636363638,231.8771818181818,124.557,-8.64272727272727,-4.814727272727273,-1.951272727272727,-1.187454545454545,80.0,42.96063636363636,88.64290909090909,47.77545454545455,0.2814545454545454,186.30418181818183,18078.844545454547,31918.56454545455,17931.71272727273,30541.66545454545,21806.222727272725,187.91118181818183,0.0237272727272726,186.30418181818183,317.2122727272727,226.72699999999995,99.03072727272728,15.58209090909091,0.589090909090909,100.14963636363636,1.0952727272727272,100.32090909090908,1.0397272727272728,10.397090909090911,17.25681818181818,1.3027272727272727,3.0780000000000003,2.801181818181819,1.3721818181818184
130,130,Romania,3.0,-3.3502727272727277,-6.947727272727272,295.83236363636365,38.255545454545455,-29.87972727272728,-3.7211818181818175,-19.64490909090909,-2.3517272727272727,231.02536363636364,30.662,260.90481818181814,34.383545454545455,0.4064545454545454,762.0749090909089,36985.769090909096,24721.528181818187,38583.210909090914,23464.66545454545,10240.27818181818,731.9027272727272,2.467727272727273,762.0749090909089,463.76890909090906,202.58690909090907,102.67581818181816,21.699818181818177,1.6303636363636365,114.05427272727276,2.783636363636364,115.20536363636366,2.6988181818181824,19.829272727272727,25.047000000000004,7.999181818181818,8.477000000000002,7.885999999999998,7.758363636363637
131,131,Rwanda,2.0,-10.343545454545453,-0.901,2471.771818181818,34.233909090909094,-205.78381818181825,-2.7667272727272727,-141.61945454545454,-1.8829090909090909,1512.307090909091,23.413545454545453,1718.091909090909,26.180363636363637,0.0181818181818181,6465.363636363636,613563.2918181819,1887.153636363636,562773.4681818183,1829.7318181818184,748.9102727272729,6988.272727272727,6.210727272727272,6465.363636363636,20.930090909090907,8.501636363636363,90.45736363636364,7.690636363636363,304.4300909090909,105.16154545454545,4.076363636363637,106.15654545454544,3.845090909090909,11.287727272727272,23.231090909090906,8.68090909090909,8.490909090909092,8.490909090909092,8.68090909090909
135,135,Saudi Arabia,5.0,7.896363636363635,56.340818181818186,316.7652727272728,11.90136363636364,-80.09454545454545,-3.0848181818181817,-104.61827272727272,-4.030636363636364,878.3978181818184,33.35027272727273,958.4912727272726,36.435272727272725,1.4342727272727271,2626.983636363636,77893.16454545454,47486.48272727273,84212.49909090908,51455.04090909092,22456.666363636363,2433.061818181818,2.7719090909090918,2626.983636363636,1600.5581818181818,700.5286363636365,108.11490909090908,36.33845454545454,1.6373636363636364,94.72654545454544,2.0318181818181817,95.37272727272726,2.0463636363636364,31.234272727272728,28.442181818181822,3.703272727272728,2.732454545454545,2.482545454545455,1.2257272727272726
136,136,Senegal,2.0,-7.121818181818182,-1.4551818181818184,5416.572727272727,47.48263636363637,-446.2227272727272,-4.098090909090909,-273.069,-2.571727272727273,2089.143636363636,19.150818181818185,2535.366363636364,23.248727272727272,0.0392727272727272,10833.843636363636,726033.0954545455,3019.814545454545,733883.4345454545,3025.5281818181816,1358.2336363636364,10692.237272727272,4.509545454545455,10833.843636363636,44.66963636363637,19.932181818181817,100.90472727272729,19.38763636363636,242.63254545454544,101.65454545454546,1.1697272727272727,102.991,1.3174545454545454,14.632363636363635,26.50936363636363,5.692363636363636,6.739090909090908,4.170636363636363,5.59290909090909
137,137,Serbia,3.0,-5.800454545454546,-2.698454545454545,2542.899090909091,57.15736363636365,-130.43090909090907,-3.108454545454545,-33.39572727272727,-0.9477272727272726,1766.2063636363637,39.84245454545455,1896.6372727272728,42.95072727272726,0.099090909090909,4411.442727272727,628830.4527272728,16118.219090909091,623211.9609090908,15780.041818181817,6527.8836363636365,4457.931818181818,1.6698181818181816,4411.442727272727,111.7821818181818,46.288,98.427,13.799181818181818,39.28436363636364,177.4876363636364,4.128727272727274,177.10472727272727,4.052454545454546,7.097818181818181,19.700818181818185,5.716,7.727363636363635,7.442181818181819,5.834727272727273
138,138,Seychelles,3.0,-20.17090909090909,-0.2588181818181818,12.571363636363635,72.49427272727273,-0.1222727272727272,-0.3459999999999999,0.474090909090909,3.156545454545454,6.625272727272727,37.643,6.747636363636364,37.98872727272727,0.002,17.62790909090909,84754.09636363636,25086.70090909092,189665.3772727273,24427.773636363632,14028.762727272728,7.85581818181818,2.747727272727273,17.62790909090909,2.2678181818181824,1.300909090909091,222.3503636363636,12.154818181818182,7.72690909090909,101.39045454545456,2.326,102.31736363636364,2.8113636363636365,0.0922727272727272,32.32636363636363,1.3981818181818182,0.0348181818181817,1.8635454545454548,3.1700909090909093
139,139,Sierra Leone,2.0,-23.309818181818184,-0.8612727272727273,13979.310909090907,52.82127272727273,-1271.052181818182,-5.15718181818182,-789.22,-3.352545454545455,3921.166363636364,15.76218181818182,5192.219090909091,20.919545454545453,0.0098181818181818,24345.667272727274,1270086.8990909092,1657.5363636363634,3319228.7018181817,1581.0300000000002,549.885090909091,9134.093636363636,4.412363636363637,24345.667272727274,11.436545454545454,3.9519090909090906,260.4141818181818,-3.2379090909090915,2058.001818181818,181.04654545454548,10.07390909090909,187.91818181818184,9.994636363636364,7.182,20.09227272727273,12.154454545454549,15.724636363636364,10.848272727272729,12.637
141,141,Slovenia,4.0,3.838272727272728,1.9250909090909087,27.5850909090909,67.22745454545453,-1.6897272727272727,-4.388363636363636,-1.0079,-2.7256,18.094272727272728,44.57136363636364,19.78390909090909,48.95981818181818,0.0612727272727272,40.65909090909091,18606.774545454547,35115.8909090909,19683.96090909091,33532.604545454546,23916.161818181816,38.424818181818175,1.3604545454545454,40.65909090909091,69.27727272727273,49.38309090909092,105.5488181818182,23.952,0.5894545454545453,100.3559090909091,1.1212727272727274,100.76545454545456,1.0189090909090908,2.064454545454545,20.113545454545456,3.835,5.163818181818183,4.598363636363636,3.467090909090909
142,142,Solomon Islands,1.0,-5.811999999999999,-0.0678181818181818,1.2024545454545452,12.309818181818184,0.0398181818181818,0.878090909090909,0.0882727272727272,1.3207272727272723,4.236727272727273,41.92763636363637,4.196727272727273,41.04963636363637,0.001,10.354545454545455,16013.29,2299.271818181818,16984.887272727272,2240.8454545454547,2176.7554545454545,9.692454545454543,3.417636363636364,10.354545454545455,1.362,1.3243636363636364,105.91472727272728,9.019272727272726,7.559818181818183,96.65754545454546,3.0260909090909096,96.3,2.6727272727272733,0.6045454545454546,14.831363636363635,4.995090909090909,9.057272727272728,6.860727272727272,4.924090909090911
144,144,South Africa,3.0,-2.836090909090909,-11.215454545454543,2114.0894545454544,45.92736363636364,-214.42936363636363,-4.685727272727273,-78.0969090909091,-1.709,1131.4285454545454,25.407,1345.858181818182,30.09272727272727,0.6720909090909091,4426.712727272728,78323.43545454546,13747.883636363636,79293.34272727273,13599.432727272726,7043.027272727273,4339.244545454545,0.9834545454545456,4426.712727272728,754.5949090909093,388.34854545454544,101.47718181818182,14.454909090909096,5.816,92.99009090909092,4.993636363636364,95.02545454545452,4.9578181818181815,55.4369090909091,17.29118181818182,2.4294545454545453,1.168181818181818,0.8964545454545455,1.6901818181818171
145,145,Spain,3.0,0.9245454545454546,11.405,1029.6497272727274,93.01363636363637,-70.62072727272728,-6.525272727272727,-45.0640909090909,-4.199181818181819,425.3430909090909,38.505818181818185,495.96381818181817,45.031,1.4882727272727274,1103.9063636363635,23385.867272727268,37718.138181818176,23646.62181818181,35948.899999999994,28806.67909090909,1091.6472727272728,-0.0243636363636364,1103.9063636363635,1678.3990909090908,1344.700909090909,101.06390909090908,20.529090909090908,0.6613636363636363,100.58627272727271,1.0913636363636363,101.61927272727272,1.053,46.67727272727272,19.60436363636364,1.2704545454545455,3.469090909090909,2.3933636363636364,0.9813636363636368
146,146,Sri Lanka,3.0,-3.139090909090909,-2.3510909090909085,8986.343636363636,78.53918181818182,-776.1327272727274,-6.737272727272727,-175.61218181818182,-1.473909090909091,1403.7496363636362,12.645454545454545,2179.882727272727,19.382818181818184,0.2126363636363636,11170.015454545455,401412.8399999999,11573.990909090911,527568.1645454546,11454.994545454543,3651.4718181818175,8468.971818181819,4.450363636363637,11170.015454545455,241.941,76.992,129.60254545454546,27.865181818181814,45.43145454545455,109.29018181818182,5.104363636363636,111.7,4.994363636363636,21.04172727272727,31.00363636363636,3.9890000000000017,1.4755454545454545,1.4755454545454545,3.9890000000000017
149,149,Sweden,4.0,4.422,24.11509090909091,1689.921818181818,39.599818181818186,-12.78,-0.3216363636363636,-10.209,-0.2435454545454544,2093.039090909091,48.9510909090909,2105.8190909090918,49.27290909090909,0.4311818181818181,4274.714545454545,472309.0663636364,50810.11454545453,431144.3127272728,49166.84454545456,55091.63909090909,4674.192727272727,2.061272727272728,4274.714545454545,487.484909090909,543.943090909091,91.13245454545456,28.62136363636364,8.769727272727273,101.3658181818182,1.1792727272727273,101.47,1.1333636363636364,9.886363636363638,24.199272727272728,3.965181818181818,3.812545454545455,3.795636363636364,3.8429090909090906
150,150,Switzerland,4.0,8.77390909090909,61.21309090909092,279.0878181818182,41.16609090909091,1.4056363636363634,0.205,3.0201818181818183,0.4477272727272728,219.3914545454545,32.319545454545455,217.98572727272725,32.11463636363636,0.4827272727272726,678.3381818181819,82085.94272727273,68907.57272727272,82502.60090909092,66192.34818181819,86132.11181818182,675.1437272727272,1.608272727272727,678.3381818181819,545.6386363636364,707.9745454545454,100.52936363636364,34.32745454545454,1.255272727272727,100.70781818181818,-0.0433636363636363,100.6398181818182,-0.1001818181818181,8.219090909090907,25.55390909090909,1.996454545454546,3.659363636363637,2.8521818181818186,2.283272727272727
151,151,Tajikistan,4.0,-4.6000000000000005,-0.3376363636363636,21.477818181818183,39.35727272727272,-1.6627272727272726,-2.8929090909090918,-1.2770909090909088,-2.194636363636364,14.283636363636363,27.250545454545453,15.946272727272726,30.143545454545457,0.0228181818181818,51.79754545454546,26.726090909090907,2839.2572727272727,5941.205454545455,3035.615454545454,884.264,0.2307272727272727,6.8,51.79754545454546,26.176818181818188,7.553909090909091,21766.294545454544,14.876,1.9205454545454543,1226.131,6.820272727272728,866.446,7.021818181818182,8.552090909090909,19.47590909090909,2.428636363636364,12.537909090909093,9.483909090909092,2.7855454545454537
152,152,Thailand,3.0,4.420545454545454,19.835727272727272,5859.39,42.28263636363637,-98.41263636363637,-0.6634545454545454,-14.299363636363635,-0.0434,2952.411818181818,21.40227272727273,3050.8227272727268,22.06572727272727,0.9847272727272728,13803.028181818185,139400.87,16383.62818181818,202911.7109090909,16211.62909090909,6298.068181818182,9575.273636363638,2.761,13945.94818181818,1114.0745454545452,432.8002727272727,144.99536363636363,29.03236363636364,12.501,96.43981818181818,1.370818181818182,96.7418181818182,1.3203636363636362,68.62572727272726,24.61163636363636,3.471636363636364,2.455909090909091,1.8490909090909085,2.9476363636363634
153,153,Togo,2.0,-4.608090909090908,-0.2684545454545455,1669.187909090909,48.50627272727272,-116.39563636363636,-3.613545454545455,-64.33154545454546,-2.117636363636364,533.0030909090909,15.847363636363635,649.3985454545453,19.460818181818183,0.0121818181818181,3319.1118181818183,457891.5727272727,1901.7954545454545,448059.4209090909,1885.422727272727,827.5153636363636,3381.07,5.358818181818182,3319.1118181818183,13.95981818181818,6.097545454545455,97.50872727272728,15.294999999999998,237.451,100.55763636363636,1.2942727272727272,100.97836363636362,1.2574545454545456,7.334,19.90336363636364,7.148454545454545,1.256727272727273,2.114727272727273,5.993363636363636
156,156,Tunisia,3.0,-8.931363636363635,-3.832636363636364,56.911,62.92518181818182,-4.558818181818181,-5.029909090909091,-2.544818181818182,-2.7993636363636365,22.12981818181818,25.32854545454545,26.68881818181818,30.35872727272727,0.1039090909090909,86.88463636363636,6025.389090909091,10231.971818181815,7662.929090909091,10353.72,3818.299090909091,67.94754545454546,0.9833636363636368,86.88463636363636,116.79309090909092,42.90154545454545,127.03890909090909,11.640636363636364,0.7382727272727273,102.23245454545454,5.017727272727273,104.69781818181818,4.964727272727273,11.272818181818185,20.57218181818182,0.0340909090909094,-0.8722727272727273,-0.8722727272727273,0.0370909090909088
157,157,Turkey,3.0,-4.376909090909091,-37.19436363636364,858.8042727272727,32.17890909090909,-85.88545454545455,-2.6589090909090918,-35.122727272727275,-0.598909090909091,824.7986363636363,31.49927272727273,910.6834545454544,34.15818181818182,1.7245454545454544,2660.64,19024.297272727268,25455.877272727277,33222.38909090909,24860.742727272725,10701.682727272726,1505.7654545454548,5.492181818181818,2660.64,1972.2818181818184,840.3304545454544,169.19118181818183,24.88809090909091,1.2853636363636365,285.8237272727273,10.059636363636365,300.1218181818181,10.416454545454544,78.77981818181819,28.87636363636364,4.53509090909091,5.436272727272726,5.308545454545454,4.430363636363637
160,160,Uganda,2.0,-6.092545454545455,-1.9441818181818185,30525.81909090909,28.350181818181817,-3780.480909090909,-3.556454545454545,-2151.313363636364,-2.068181818181818,12228.762727272728,11.950454545454544,16009.24272727273,15.50690909090909,0.0779090909090909,99939.0,2894454.216363637,2311.212727272727,2755124.832727273,2462.6709090909094,884.9203636363636,103735.81818181818,4.966636363636364,99939.0,87.95927272727273,31.580181818181813,94.50309090909091,19.263272727272728,1116.4657272727277,90.98063636363638,6.24090909090909,93.15845454545456,6.043545454545455,35.65345454545454,25.35581818181818,6.548272727272726,5.382636363636364,4.145545454545455,7.129454545454545
161,161,Ukraine,4.0,-3.063727272727273,-4.886181818181817,1406.9261818181817,57.110545454545445,-77.40254545454545,-3.4460909090909086,-3.7056363636363625,-0.4896363636363636,954.3663636363636,41.185818181818185,1031.7702727272726,44.63172727272728,0.4198181818181818,2356.574545454546,59278.91727272727,12240.725454545456,55217.56454545455,10989.300909090907,3181.529090909091,2570.3,0.0768181818181817,2356.574545454546,474.15390909090905,138.28554545454543,92.93045454545457,14.782727272727271,4.793454545454546,56708646.79272728,11.667272727272728,59070272.02090909,11.54418181818182,43.35290909090909,17.846363636363638,1.1409999999999998,-0.7890000000000001,-0.7890000000000001,1.1409999999999998
162,162,United Arab Emirates,5.0,9.572636363636365,36.51772727272727,295.65281818181813,21.57763636363637,18.72554545454545,1.2881818181818183,22.521272727272727,1.5654545454545454,445.2562727272727,32.45363636363636,426.5308181818182,31.16581818181818,0.5662727272727273,1371.3027272727272,147923.43727272726,65268.90181818183,153551.09181818183,71035.02,41811.05363636364,1323.638181818182,2.850454545454546,1371.3027272727272,633.721,373.3976363636364,104.05136363636362,33.09190909090909,2.1606363636363635,262.2409090909091,1.143818181818182,260.3339090909092,1.2067272727272729,8.923727272727273,23.519454545454547,2.409181818181818,3.5936363636363624,4.515727272727275,2.492090909090909
163,163,United Kingdom,4.0,-3.900363636363637,-108.55845454545457,1651.0481818181818,85.72027272727273,-106.34618181818182,-5.695999999999999,-72.98209090909091,-3.917545454545455,694.982909090909,36.240181818181824,801.3291818181817,41.936181818181815,2.4438181818181817,1916.060909090909,30829.25181818182,44201.04818181819,29403.09545454545,42330.41909090909,42496.25454545455,2006.438181818182,0.772181818181818,1916.060909090909,2758.8736363636363,2764.2572727272723,95.29363636363637,13.236363636363638,0.6951818181818182,100.35218181818182,2.1017272727272727,101.0561818181818,2.014636363636364,65.05136363636365,17.136636363636367,1.6152727272727276,1.4670909090909097,1.3638181818181825,1.5981818181818184
164,164,Uruguay,4.0,-1.0234444444444446,-0.6117777777777778,879.0961818181819,53.88300000000001,-37.69327272727273,-2.143,-1.6833636363636366,0.1173636363636363,430.4418181818182,27.194818181818174,468.1351818181818,29.337909090909083,0.0657272727272727,1571.346181818182,477703.5890909091,21530.39909090909,451872.9199999999,21311.001818181816,16745.486363636363,1656.5372727272727,2.094363636363637,1571.346181818182,73.93036363636362,58.077636363636366,93.75572727272726,15.781727272727272,20.89227272727273,149.77836363636362,8.191818181818181,153.27727272727273,8.185545454545455,3.466,16.824454545454543,-3.209,-1.838125,-4.7525,-3.0515
165,165,Uzbekistan,4.0,0.1832727272727273,0.2247272727272726,53653.109090909085,13.670727272727271,1259.8612727272737,1.6080000000000003,903.0321818181818,1.4949999999999997,71206.17727272728,26.63309090909091,69946.31545454546,25.025,0.1847272727272727,272801.90545454546,7010336.74,6345.157272727272,8520332.852727272,6712.248181818181,2161.3718181818185,219322.7536363637,6.021090909090909,272801.90545454546,209.6942727272727,66.93963636363638,115.21845454545452,31.237181818181817,1212.4236363636364,183.45572727272727,12.136272727272727,194.41100000000003,12.179454545454549,31.064,31.053818181818187,8.606272727272726,3.707727272727273,3.9040909090909097,8.647636363636364
167,167,Zambia,4.0,1.858818181818182,0.3938181818181817,142.02718181818182,57.07645454545455,-15.656999999999998,-6.57890909090909,-7.826727272727274,-3.4092727272727275,37.93581818181818,18.358636363636364,53.592909090909096,24.937454545454543,0.0487272727272727,203.33209090909088,7552.190000000001,3303.6199999999994,12139.921818181816,3380.108181818182,1474.8354545454545,123.2309090909091,4.170272727272727,203.33209090909088,55.16327272727272,23.76654545454545,160.1431818181818,38.402,3.574363636363636,168.57772727272726,9.541090909090908,177.25063636363635,10.081454545454546,16.28709090909091,36.48045454545454,6.510090909090908,5.286727272727273,5.286727272727273,6.510090909090908
